-- MySQL Script generated by MySQL Workbench
-- 06/09/16 05:11:58
-- Model: New Model    Version: 1.0
-- MySQL Workbench Forward Engineering

SET @OLD_UNIQUE_CHECKS=@@UNIQUE_CHECKS, UNIQUE_CHECKS=0;
SET @OLD_FOREIGN_KEY_CHECKS=@@FOREIGN_KEY_CHECKS, FOREIGN_KEY_CHECKS=0;
SET @OLD_SQL_MODE=@@SQL_MODE, SQL_MODE='TRADITIONAL,ALLOW_INVALID_DATES';

-- -----------------------------------------------------
-- Schema bc13m
-- -----------------------------------------------------
DROP SCHEMA IF EXISTS `bc13m` ;

-- -----------------------------------------------------
-- Schema bc13m
-- -----------------------------------------------------
CREATE SCHEMA IF NOT EXISTS `bc13m` DEFAULT CHARACTER SET utf8 COLLATE utf8_general_ci ;
SHOW WARNINGS;
USE `bc13m` ;

-- -----------------------------------------------------
-- Table `bc13m`.`customer`
-- -----------------------------------------------------
DROP TABLE IF EXISTS `bc13m`.`customer` ;

SHOW WARNINGS;
CREATE TABLE IF NOT EXISTS `bc13m`.`customer` (
  `cus_id` INT UNSIGNED NOT NULL COMMENT '',
  `cus_fname` VARCHAR(30) NOT NULL COMMENT '',
  `cus_lname` VARCHAR(30) NOT NULL COMMENT '',
  `cus_street` VARCHAR(15) NOT NULL COMMENT '',
  `cus_city` VARCHAR(15) NOT NULL COMMENT '',
  `cus_state` CHAR(2) NOT NULL COMMENT '',
  `cus_zip` CHAR(5) NOT NULL COMMENT '',
  `cus_phone` CHAR(9) NOT NULL COMMENT '',
  `cus_email` VARCHAR(30) NOT NULL COMMENT '',
  `cus_balance` MEDIUMINT NOT NULL COMMENT '',
  `cus_total_sales` MEDIUMINT NOT NULL COMMENT '',
  `cus_notes` VARCHAR(100) NULL COMMENT '',
  PRIMARY KEY (`cus_id`)  COMMENT '')
ENGINE = InnoDB;

SHOW WARNINGS;

-- -----------------------------------------------------
-- Table `bc13m`.`store`
-- -----------------------------------------------------
DROP TABLE IF EXISTS `bc13m`.`store` ;

SHOW WARNINGS;
CREATE TABLE IF NOT EXISTS `bc13m`.`store` (
  `str_id` INT UNSIGNED NOT NULL COMMENT '',
  `str_name` VARCHAR(30) NOT NULL COMMENT '',
  `str_street` VARCHAR(15) NOT NULL COMMENT '',
  `str_city` VARCHAR(15) NOT NULL COMMENT '',
  `str_state` CHAR(2) NOT NULL COMMENT '',
  `str_zip` CHAR(5) NOT NULL COMMENT '',
  `str_phone` CHAR(9) NOT NULL COMMENT '',
  `str_email` VARCHAR(30) NOT NULL COMMENT '',
  `str_url` VARCHAR(30) NOT NULL COMMENT '',
  `str_ytd_sales` MEDIUMINT NOT NULL COMMENT '',
  `str_notes` VARCHAR(100) NULL COMMENT '',
  PRIMARY KEY (`str_id`)  COMMENT '')
ENGINE = InnoDB;

SHOW WARNINGS;

-- -----------------------------------------------------
-- Table `bc13m`.`pet`
-- -----------------------------------------------------
DROP TABLE IF EXISTS `bc13m`.`pet` ;

SHOW WARNINGS;
CREATE TABLE IF NOT EXISTS `bc13m`.`pet` (
  `ped_id` INT UNSIGNED NOT NULL COMMENT '',
  `cus_id` INT UNSIGNED NULL COMMENT '',
  `str_id` INT UNSIGNED NOT NULL COMMENT '',
  `pet_type` VARCHAR(10) NOT NULL COMMENT '',
  `pet_sex` ENUM('m', 'f') NOT NULL COMMENT '',
  `pet_cost` VARCHAR(10) NOT NULL COMMENT '',
  `pet_price` SMALLINT NOT NULL COMMENT '',
  `pet_age` TINYINT NOT NULL COMMENT '',
  `pet_color` VARCHAR(10) NOT NULL COMMENT '',
  `pet_sale_date` DATE NOT NULL COMMENT '',
  `pet_vaccine` ENUM('y', 'n') NOT NULL COMMENT '',
  `pet_neuter` ENUM('y', 'n') NOT NULL COMMENT '',
  `pet_notes` VARCHAR(100) NULL COMMENT '',
  PRIMARY KEY (`ped_id`)  COMMENT '',
  INDEX `fk_pet_store1_idx` (`str_id` ASC)  COMMENT '',
  INDEX `fk_pet_customer1_idx` (`cus_id` ASC)  COMMENT '',
  CONSTRAINT `fk_pet_store1`
    FOREIGN KEY (`str_id`)
    REFERENCES `bc13m`.`store` (`str_id`)
    ON DELETE NO ACTION
    ON UPDATE NO ACTION,
  CONSTRAINT `fk_pet_customer1`
    FOREIGN KEY (`cus_id`)
    REFERENCES `bc13m`.`customer` (`cus_id`)
    ON DELETE NO ACTION
    ON UPDATE NO ACTION)
ENGINE = InnoDB;

SHOW WARNINGS;

SET SQL_MODE=@OLD_SQL_MODE;
SET FOREIGN_KEY_CHECKS=@OLD_FOREIGN_KEY_CHECKS;
SET UNIQUE_CHECKS=@OLD_UNIQUE_CHECKS;

-- -----------------------------------------------------
-- Data for table `bc13m`.`customer`
-- -----------------------------------------------------
START TRANSACTION;
USE `bc13m`;
INSERT INTO `bc13m`.`customer` (`cus_id`, `cus_fname`, `cus_lname`, `cus_street`, `cus_city`, `cus_state`, `cus_zip`, `cus_phone`, `cus_email`, `cus_balance`, `cus_total_sales`, `cus_notes`) VALUES (1, 'Brian', 'Conrad', 'Tennessee', 'Tallahassee', 'FL', '32304', '9548171957', 'bconrad@email.com', 50000, 25000, NULL);
INSERT INTO `bc13m`.`customer` (`cus_id`, `cus_fname`, `cus_lname`, `cus_street`, `cus_city`, `cus_state`, `cus_zip`, `cus_phone`, `cus_email`, `cus_balance`, `cus_total_sales`, `cus_notes`) VALUES (2, 'Andrew', 'Flicker', 'Broward', 'Plantation', 'FL', '33322', '9547864336', 'aflicker@email.com', 60000, 30000, NULL);
INSERT INTO `bc13m`.`customer` (`cus_id`, `cus_fname`, `cus_lname`, `cus_street`, `cus_city`, `cus_state`, `cus_zip`, `cus_phone`, `cus_email`, `cus_balance`, `cus_total_sales`, `cus_notes`) VALUES (3, 'Nick', 'Lago', 'Tampa', 'Ft Lauderdale', 'FL', '33322', '9543234455', 'nlago@email.com', 40000, 20000, NULL);
INSERT INTO `bc13m`.`customer` (`cus_id`, `cus_fname`, `cus_lname`, `cus_street`, `cus_city`, `cus_state`, `cus_zip`, `cus_phone`, `cus_email`, `cus_balance`, `cus_total_sales`, `cus_notes`) VALUES (4, 'Peter', 'Nicoletto', 'Baseball', 'Orlando', 'FL', '33355', '9546678893', 'pnicoletto@email.com', 80000, 40000, NULL);
INSERT INTO `bc13m`.`customer` (`cus_id`, `cus_fname`, `cus_lname`, `cus_street`, `cus_city`, `cus_state`, `cus_zip`, `cus_phone`, `cus_email`, `cus_balance`, `cus_total_sales`, `cus_notes`) VALUES (5, 'Michael', 'Hickman', 'Oschner', 'New Orleans', 'LA', '44455', '3058732213', 'mhickman@email.com', 30000, 15000, NULL);
INSERT INTO `bc13m`.`customer` (`cus_id`, `cus_fname`, `cus_lname`, `cus_street`, `cus_city`, `cus_state`, `cus_zip`, `cus_phone`, `cus_email`, `cus_balance`, `cus_total_sales`, `cus_notes`) VALUES (6, 'Rachael', 'Hickman', 'Rogue', 'Baton Rouge', 'LA', '55522', '3056789934', 'rhickman@email.com', 80000, 40000, NULL);
INSERT INTO `bc13m`.`customer` (`cus_id`, `cus_fname`, `cus_lname`, `cus_street`, `cus_city`, `cus_state`, `cus_zip`, `cus_phone`, `cus_email`, `cus_balance`, `cus_total_sales`, `cus_notes`) VALUES (7, 'Matt', 'Mccue', 'Forum', 'Tallahassee', 'FL', '32304', '9543324456', 'mmmcue@email.com', 12000, 6000, NULL);
INSERT INTO `bc13m`.`customer` (`cus_id`, `cus_fname`, `cus_lname`, `cus_street`, `cus_city`, `cus_state`, `cus_zip`, `cus_phone`, `cus_email`, `cus_balance`, `cus_total_sales`, `cus_notes`) VALUES (8, 'Kevin', 'Leto', 'Luxe', 'Tallahassee', 'FL', '32356', '9541010045', 'kleto@email.com', 70000, 35000, NULL);
INSERT INTO `bc13m`.`customer` (`cus_id`, `cus_fname`, `cus_lname`, `cus_street`, `cus_city`, `cus_state`, `cus_zip`, `cus_phone`, `cus_email`, `cus_balance`, `cus_total_sales`, `cus_notes`) VALUES (9, 'Donna', 'Pullen', 'Metarie', 'New Orleans', 'LA', '32388', '3059547914', 'dpullen@email.com', 100000, 50000, NULL);
INSERT INTO `bc13m`.`customer` (`cus_id`, `cus_fname`, `cus_lname`, `cus_street`, `cus_city`, `cus_state`, `cus_zip`, `cus_phone`, `cus_email`, `cus_balance`, `cus_total_sales`, `cus_notes`) VALUES (10, 'Edwin', 'Conrad', 'Atlanta', 'Plantation', 'FL', '33322', '9543708944', 'econrad@email.com', 120000, 60000, NULL);

COMMIT;


-- -----------------------------------------------------
-- Data for table `bc13m`.`store`
-- -----------------------------------------------------
START TRANSACTION;
USE `bc13m`;
INSERT INTO `bc13m`.`store` (`str_id`, `str_name`, `str_street`, `str_city`, `str_state`, `str_zip`, `str_phone`, `str_email`, `str_url`, `str_ytd_sales`, `str_notes`) VALUES (1, 'Petco', 'Tennessee', 'Tallahassee', 'FL', '32304', '3058174566', 'petco@email.com', 'petco.com', 250000, NULL);
INSERT INTO `bc13m`.`store` (`str_id`, `str_name`, `str_street`, `str_city`, `str_state`, `str_zip`, `str_phone`, `str_email`, `str_url`, `str_ytd_sales`, `str_notes`) VALUES (2, 'Petsmart', 'Forum', 'Tallahassee', 'FL', '32304', '3056452234', 'petsmart@email.com', 'petsmart.com', 300000, NULL);
INSERT INTO `bc13m`.`store` (`str_id`, `str_name`, `str_street`, `str_city`, `str_state`, `str_zip`, `str_phone`, `str_email`, `str_url`, `str_ytd_sales`, `str_notes`) VALUES (3, 'Humane Society', 'Dive', 'Plantation', 'FL', '33322', '9548179954', 'hsociety@email.com', 'hsociety.com', 100000, NULL);
INSERT INTO `bc13m`.`store` (`str_id`, `str_name`, `str_street`, `str_city`, `str_state`, `str_zip`, `str_phone`, `str_email`, `str_url`, `str_ytd_sales`, `str_notes`) VALUES (4, 'Petshop', 'Luxe', 'Tallahassee', 'FL', '32304', '3056431188', 'petshop@email.com', 'petshop.com', 500000, NULL);
INSERT INTO `bc13m`.`store` (`str_id`, `str_name`, `str_street`, `str_city`, `str_state`, `str_zip`, `str_phone`, `str_email`, `str_url`, `str_ytd_sales`, `str_notes`) VALUES (5, 'Conradpets', 'Broward', 'New Orleans', 'LA', '95422', '9548171944', 'cpets@email.com', 'cpets.com', 800000, NULL);
INSERT INTO `bc13m`.`store` (`str_id`, `str_name`, `str_street`, `str_city`, `str_state`, `str_zip`, `str_phone`, `str_email`, `str_url`, `str_ytd_sales`, `str_notes`) VALUES (6, 'Urpets', 'Beach', 'Ft Lauderdale', 'FL', '33224', '9542124567', 'urpets@email.com', 'upets.com', 900000, NULL);
INSERT INTO `bc13m`.`store` (`str_id`, `str_name`, `str_street`, `str_city`, `str_state`, `str_zip`, `str_phone`, `str_email`, `str_url`, `str_ytd_sales`, `str_notes`) VALUES (7, 'Quickpets', 'Long', 'Baton Rouge', 'LA', '33995', '3056780909', 'qpets@email.com', 'qpets.com', 450000, NULL);
INSERT INTO `bc13m`.`store` (`str_id`, `str_name`, `str_street`, `str_city`, `str_state`, `str_zip`, `str_phone`, `str_email`, `str_url`, `str_ytd_sales`, `str_notes`) VALUES (8, 'Petstop', 'Dog', 'Orlando', 'FL', '33390', '4325678899', 'petstop@email.com', 'petstop.com', 550000, NULL);
INSERT INTO `bc13m`.`store` (`str_id`, `str_name`, `str_street`, `str_city`, `str_state`, `str_zip`, `str_phone`, `str_email`, `str_url`, `str_ytd_sales`, `str_notes`) VALUES (9, 'Petwatch', 'Cat', 'Tampa', 'FL', '09010', '8765559991', 'petwatch@email.com', 'petwatch.com', 650000, NULL);
INSERT INTO `bc13m`.`store` (`str_id`, `str_name`, `str_street`, `str_city`, `str_state`, `str_zip`, `str_phone`, `str_email`, `str_url`, `str_ytd_sales`, `str_notes`) VALUES (10, 'Happypets', 'Ocean', 'Jupiter', 'FL', '34322', '9540001919', 'happypets@email.com', 'happypets.com', 950000, NULL);

COMMIT;


-- -----------------------------------------------------
-- Data for table `bc13m`.`pet`
-- -----------------------------------------------------
START TRANSACTION;
USE `bc13m`;
INSERT INTO `bc13m`.`pet` (`ped_id`, `cus_id`, `str_id`, `pet_type`, `pet_sex`, `pet_cost`, `pet_price`, `pet_age`, `pet_color`, `pet_sale_date`, `pet_vaccine`, `pet_neuter`, `pet_notes`) VALUES (1, 1, 1, 'Dog', 'm', '150', 200, 2, 'Brown', '2016-05-15', 'y', 'y', NULL);
INSERT INTO `bc13m`.`pet` (`ped_id`, `cus_id`, `str_id`, `pet_type`, `pet_sex`, `pet_cost`, `pet_price`, `pet_age`, `pet_color`, `pet_sale_date`, `pet_vaccine`, `pet_neuter`, `pet_notes`) VALUES (2, 2, 2, 'Cat', 'f', '100', 150, 5, 'White', '2016-04-12', 'y', 'n', NULL);
INSERT INTO `bc13m`.`pet` (`ped_id`, `cus_id`, `str_id`, `pet_type`, `pet_sex`, `pet_cost`, `pet_price`, `pet_age`, `pet_color`, `pet_sale_date`, `pet_vaccine`, `pet_neuter`, `pet_notes`) VALUES (3, 3, 3, 'Fish', 'm', '30', 50, 1, 'Gold', '2016-06-07', 'n', 'n', NULL);
INSERT INTO `bc13m`.`pet` (`ped_id`, `cus_id`, `str_id`, `pet_type`, `pet_sex`, `pet_cost`, `pet_price`, `pet_age`, `pet_color`, `pet_sale_date`, `pet_vaccine`, `pet_neuter`, `pet_notes`) VALUES (4, 4, 4, 'Dog', 'f', '200', 250, 1, 'Black', '2016-06-05', 'n', 'y', NULL);
INSERT INTO `bc13m`.`pet` (`ped_id`, `cus_id`, `str_id`, `pet_type`, `pet_sex`, `pet_cost`, `pet_price`, `pet_age`, `pet_color`, `pet_sale_date`, `pet_vaccine`, `pet_neuter`, `pet_notes`) VALUES (5, 5, 5, 'Dog', 'm', '300', 375, 4, 'Grey', '2016-05-25', 'y', 'y', '');
INSERT INTO `bc13m`.`pet` (`ped_id`, `cus_id`, `str_id`, `pet_type`, `pet_sex`, `pet_cost`, `pet_price`, `pet_age`, `pet_color`, `pet_sale_date`, `pet_vaccine`, `pet_neuter`, `pet_notes`) VALUES (6, 6, 6, 'Lizard', 'm', '75', 100, 1, 'Green', '2016-06-03', 'n', 'n', NULL);
INSERT INTO `bc13m`.`pet` (`ped_id`, `cus_id`, `str_id`, `pet_type`, `pet_sex`, `pet_cost`, `pet_price`, `pet_age`, `pet_color`, `pet_sale_date`, `pet_vaccine`, `pet_neuter`, `pet_notes`) VALUES (7, 7, 7, 'Mouse', 'f', '20', 45, 1, 'White', '2016-05-01', 'y', 'y', NULL);
INSERT INTO `bc13m`.`pet` (`ped_id`, `cus_id`, `str_id`, `pet_type`, `pet_sex`, `pet_cost`, `pet_price`, `pet_age`, `pet_color`, `pet_sale_date`, `pet_vaccine`, `pet_neuter`, `pet_notes`) VALUES (8, 8, 8, 'Crab', 'f', '10', 25, 3, 'Orange', '2016-05-28', 'n', 'n', NULL);
INSERT INTO `bc13m`.`pet` (`ped_id`, `cus_id`, `str_id`, `pet_type`, `pet_sex`, `pet_cost`, `pet_price`, `pet_age`, `pet_color`, `pet_sale_date`, `pet_vaccine`, `pet_neuter`, `pet_notes`) VALUES (9, 9, 9, 'Cat', 'm', '75', 100, 10, 'Grey', '2016-03-15', 'y', 'y', NULL);
INSERT INTO `bc13m`.`pet` (`ped_id`, `cus_id`, `str_id`, `pet_type`, `pet_sex`, `pet_cost`, `pet_price`, `pet_age`, `pet_color`, `pet_sale_date`, `pet_vaccine`, `pet_neuter`, `pet_notes`) VALUES (10, 10, 10, 'Dog', 'f', '50', 75, 8, 'Brown', '2016-06-02', 'y', 'y', NULL);

COMMIT;

